stage,task,task_id,start,finish,deserial,serial,run_time,jvm_gc
0,0,0,1452689741061,1452689746192,500,1,4389,78
0,1,1,1452689741088,1452689746172,500,1,4339,78
1,2,0,1452689746235,1452689748318,67,0,1974,0
1,3,1,1452689746244,1452689748317,66,0,1967,0
1,4,2,1452689746247,1452689748328,64,0,1991,0
1,5,3,1452689746250,1452689748314,62,0,1962,0
3,6,0,1452689748410,1452689748462,29,0,2,0
5,7,0,1452689748562,1452689749417,44,0,781,0
5,8,1,1452689748565,1452689749385,44,0,749,0
5,9,2,1452689748567,1452689749395,42,0,761,0
5,10,3,1452689748570,1452689749364,41,3,723,0
7,11,0,1452689749955,1452689750788,53,0,752,27
7,12,1,1452689749958,1452689750834,52,0,802,27
7,13,2,1452689749961,1452689750855,51,0,823,27
7,14,3,1452689749964,1452689750778,50,1,740,27
8,15,0,1452689750879,1452689755210,354,0,3956,66
8,16,1,1452689750881,1452689755198,354,1,3938,66
8,17,2,1452689750882,1452689755202,351,0,3942,66
8,18,3,1452689750884,1452689755213,349,0,3959,66
11,19,0,1452689755284,1452689756630,32,0,1293,34
11,20,1,1452689755285,1452689756651,33,1,1312,34
11,21,2,1452689755286,1452689756610,31,1,1271,34
11,22,3,1452689755288,1452689756674,27,1,1339,34
14,23,0,1452689756747,1452689758781,37,0,1978,10
14,24,1,1452689756748,1452689758689,38,0,1882,10
14,25,2,1452689756750,1452689758693,37,0,1883,10
14,26,3,1452689756751,1452689758698,34,0,1897,10
17,27,0,1452689758863,1452689760158,31,0,1244,7
17,28,1,1452689758865,1452689760074,30,1,1157,7
17,29,2,1452689758868,1452689760076,31,0,1159,7
17,30,3,1452689758870,1452689760108,28,1,1188,7
20,31,0,1452689760241,1452689761762,28,0,1478,8
20,32,1,1452689760243,1452689761653,27,0,1367,8
20,33,2,1452689760244,1452689761668,27,0,1383,8
20,34,3,1452689760245,1452689761719,27,1,1431,8
23,35,0,1452689761827,1452689763421,26,1,1551,11
23,36,1,1452689761828,1452689763263,30,0,1390,11
23,37,2,1452689761829,1452689763267,28,0,1394,11
23,38,3,1452689761830,1452689763274,26,0,1404,11
26,39,0,1452689763512,1452689764801,25,0,1246,8
26,40,1,1452689763513,1452689764706,23,1,1155,8
26,41,2,1452689763514,1452689764765,23,1,1213,8
26,42,3,1452689763515,1452689764736,24,0,1184,8
29,43,0,1452689764862,1452689766140,22,1,1239,10
29,44,1,1452689764863,1452689766080,24,1,1135,10
29,45,2,1452689764863,1452689766084,22,0,1142,10
29,46,3,1452689764864,1452689766088,22,1,1157,10
32,47,0,1452689766199,1452689767476,26,1,1237,13
32,48,1,1452689766200,1452689767374,23,0,1138,13
32,49,2,1452689766201,1452689767380,24,0,1144,13
32,50,3,1452689766202,1452689767388,23,0,1151,13
35,51,0,1452689767537,1452689770975,20,0,3404,18
35,52,1,1452689767538,1452689770710,21,1,3138,18
35,53,2,1452689767539,1452689770716,21,0,3145,18
35,54,3,1452689767539,1452689770958,21,0,3384,18
38,55,0,1452689771028,1452689774037,22,0,2973,14
38,56,1,1452689771028,1452689773804,22,0,2740,14
38,57,2,1452689771029,1452689773646,20,0,2583,0
38,58,3,1452689771029,1452689774229,19,1,3165,14
41,59,0,1452689774282,1452689775737,22,0,1420,17
41,60,1,1452689774283,1452689775888,20,0,1573,17
41,61,2,1452689774283,1452689775735,20,1,1416,17
41,62,3,1452689774284,1452689775741,19,0,1424,17
44,63,0,1452689775939,1452689777167,21,0,1195,19
44,64,1,1452689775940,1452689777083,23,0,1107,19
44,65,2,1452689775940,1452689777106,21,0,1133,19
44,66,3,1452689775941,1452689777097,21,0,1124,19
47,67,0,1452689777238,1452689778458,23,0,1186,17
47,68,1,1452689777239,1452689778359,23,1,1084,17
47,69,2,1452689777240,1452689778374,22,0,1100,17
47,70,3,1452689777240,1452689778400,21,1,1126,17
50,71,0,1452689778506,1452689779720,19,0,1182,14
50,72,1,1452689778507,1452689779626,20,1,1087,0
50,73,2,1452689778507,1452689779629,18,0,1092,0
50,74,3,1452689778508,1452689779719,19,1,1179,14
53,75,0,1452689779763,1452689780971,21,1,1175,0
53,76,1,1452689779764,1452689780933,20,0,1138,0
53,77,2,1452689779764,1452689780906,20,0,1111,0
53,78,3,1452689779765,1452689780916,21,0,1121,0
56,79,0,1452689781011,1452689782222,19,0,1182,6
56,80,1,1452689781011,1452689782165,20,0,1123,6
56,81,2,1452689781012,1452689782149,18,0,1109,6
56,82,3,1452689781013,1452689782163,19,0,1122,6
59,83,0,1452689782260,1452689783477,29,1,1176,9
59,84,1,1452689782261,1452689783447,31,0,1145,9
59,85,2,1452689782262,1452689783425,30,0,1121,9
59,86,3,1452689782262,1452689783428,28,0,1127,9
62,87,0,1452689783511,1452689784730,21,1,1186,11
62,88,1,1452689783512,1452689784655,22,0,1111,11
62,89,2,1452689783512,1452689784646,21,0,1101,11
62,90,3,1452689783513,1452689784666,20,0,1122,11
65,91,0,1452689784763,1452689785977,21,0,1183,11
65,92,1,1452689784764,1452689785884,21,0,1089,11
65,93,2,1452689784764,1452689785902,18,0,1108,11
65,94,3,1452689784765,1452689785905,19,0,1110,11
68,95,0,1452689786010,1452689787224,17,0,1187,14
68,96,1,1452689786011,1452689787119,18,0,1079,14
68,97,2,1452689786011,1452689787160,18,1,1089,14
68,98,3,1452689786012,1452689787161,17,0,1111,14
71,99,0,1452689787262,1452689788466,17,1,1176,19
71,100,1,1452689787263,1452689788370,17,0,1081,19
71,101,2,1452689787264,1452689788393,16,0,1105,19
71,102,3,1452689787264,1452689788396,17,0,1107,19
74,103,0,1452689788517,1452689789715,17,0,1171,18
74,104,1,1452689788517,1452689789637,18,0,1091,18
74,105,2,1452689788518,1452689789676,18,0,1131,18
74,106,3,1452689788519,1452689789657,17,0,1112,18
77,107,0,1452689789752,1452689790954,18,0,1174,20
77,108,1,1452689789753,1452689790908,20,1,1124,20
77,109,2,1452689789753,1452689790893,16,0,1112,20
77,110,3,1452689789754,1452689790909,17,1,1128,20
80,111,0,1452689790993,1452689792194,18,0,1173,17
80,112,1,1452689790994,1452689792127,19,0,1104,17
80,113,2,1452689790994,1452689792148,19,0,1126,17
80,114,3,1452689790995,1452689792146,19,0,1123,17
83,115,0,1452689792233,1452689793440,18,0,1179,18
83,116,1,1452689792233,1452689793375,19,0,1112,18
83,117,2,1452689792234,1452689793381,18,0,1120,18
83,118,3,1452689792234,1452689793399,17,1,1139,18
86,119,0,1452689793481,1452689794703,16,1,1196,15
86,120,1,1452689793482,1452689794595,16,0,1088,0
86,121,2,1452689793482,1452689794624,17,0,1115,0
86,122,3,1452689793483,1452689794658,17,0,1149,15
89,123,0,1452689794742,1452689795947,17,0,1179,0
89,124,1,1452689794742,1452689795852,17,0,1083,0
89,125,2,1452689794743,1452689795899,17,0,1131,0
89,126,3,1452689794743,1452689795898,18,0,1128,0
92,127,0,1452689795981,1452689797186,19,0,1176,8
92,128,1,1452689795981,1452689797132,21,0,1118,8
92,129,2,1452689795982,1452689797133,18,1,1121,8
92,130,3,1452689795983,1452689797140,18,0,1130,8
95,131,0,1452689797220,1452689798432,20,0,1182,8
95,132,1,1452689797220,1452689798337,18,0,1088,8
95,133,2,1452689797221,1452689798351,18,0,1103,8
95,134,3,1452689797222,1452689798465,18,0,1216,8
98,135,0,1452689798520,1452689799732,20,0,1183,10
98,136,1,1452689798521,1452689799676,19,1,1127,10
98,137,2,1452689798521,1452689799666,20,1,1114,10
98,138,3,1452689798522,1452689799674,19,0,1124,10
101,139,0,1452689799765,1452689801005,19,1,1209,13
101,140,1,1452689799766,1452689800912,18,0,1118,13
101,141,2,1452689799766,1452689800903,18,0,1108,13
101,142,3,1452689799767,1452689800923,17,0,1129,13
104,143,0,1452689801047,1452689802262,16,0,1188,16
104,144,1,1452689801048,1452689802154,17,0,1079,16
104,145,2,1452689801048,1452689802201,17,0,1126,16
104,146,3,1452689801049,1452689802188,14,0,1115,16
107,147,0,1452689802304,1452689803474,17,0,1143,16
107,148,1,1452689802305,1452689803439,17,0,1107,16
107,149,2,1452689802305,1452689803436,17,0,1103,16
107,150,3,1452689802306,1452689803442,17,0,1110,16
110,151,0,1452689803515,1452689804717,17,0,1176,19
110,152,1,1452689803516,1452689804627,18,1,1083,19
110,153,2,1452689803516,1452689804655,18,0,1112,19
110,154,3,1452689803517,1452689804671,18,0,1128,19
113,155,0,1452689804756,1452689806046,17,0,1263,16
113,156,1,1452689804757,1452689805880,16,0,1098,16
113,157,2,1452689804757,1452689805915,16,1,1132,16
113,158,3,1452689804758,1452689805911,16,0,1128,16
116,159,0,1452689806085,1452689807325,17,1,1213,20
116,160,1,1452689806085,1452689807239,16,0,1129,20
116,161,2,1452689806086,1452689807237,17,0,1124,20
116,162,3,1452689806086,1452689807243,17,0,1131,20
119,163,0,1452689807365,1452689808590,18,0,1198,18
119,164,1,1452689807366,1452689808474,19,1,1079,0
119,165,2,1452689807366,1452689808532,18,0,1139,18
119,166,3,1452689807367,1452689808531,18,0,1136,18
122,167,0,1452689808624,1452689809828,17,0,1177,13
122,168,1,1452689808625,1452689809756,18,1,1102,0
122,169,2,1452689808625,1452689809757,16,0,1105,0
122,170,3,1452689808626,1452689809765,17,0,1112,0
125,171,0,1452689809859,1452689811074,18,0,1188,0
125,172,1,1452689809859,1452689810966,17,0,1079,0
125,173,2,1452689809860,1452689810982,18,0,1095,0
125,174,3,1452689809860,1452689811046,17,0,1159,0
128,175,0,1452689811122,1452689812348,16,0,1200,8
128,176,1,1452689811123,1452689812265,17,0,1114,8
128,177,2,1452689811123,1452689812265,16,0,1115,8
128,178,3,1452689811124,1452689812272,16,1,1123,8
131,179,0,1452689812380,1452689813592,16,0,1187,8
131,180,1,1452689812380,1452689813498,17,0,1090,8
131,181,2,1452689812381,1452689813500,17,0,1092,8
131,182,3,1452689812381,1452689813552,17,0,1145,8
134,183,0,1452689813626,1452689814834,17,1,1181,10
134,184,1,1452689813626,1452689814777,18,0,1124,10
134,185,2,1452689813627,1452689814758,16,0,1105,10
134,186,3,1452689813627,1452689814771,17,0,1117,10
137,187,0,1452689814873,1452689816035,17,0,1136,14
137,188,1,1452689814874,1452689816005,17,0,1103,14
137,189,2,1452689814874,1452689816006,17,0,1103,14
137,190,3,1452689814875,1452689816026,16,1,1126,14
140,191,0,1452689816073,1452689817236,17,0,1136,15
140,192,1,1452689816074,1452689817194,17,0,1092,15
140,193,2,1452689816074,1452689817228,18,0,1128,15
140,194,3,1452689816075,1452689817210,17,0,1110,15
143,195,0,1452689817273,1452689818466,18,0,1165,20
143,196,1,1452689817274,1452689818411,20,0,1107,20
143,197,2,1452689817274,1452689818414,19,0,1112,20
143,198,3,1452689817275,1452689818432,18,0,1129,20
146,199,0,1452689818501,1452689819677,17,0,1151,19
146,200,1,1452689818501,1452689819622,17,0,1093,19
146,201,2,1452689818502,1452689819657,16,0,1131,19
146,202,3,1452689818502,1452689819648,16,0,1121,19
149,203,0,1452689819711,1452689820902,17,1,1165,17
149,204,1,1452689819712,1452689820847,16,0,1109,17
149,205,2,1452689819712,1452689820855,17,0,1116,17
149,206,3,1452689819713,1452689820872,17,0,1134,17
152,207,0,1452689820935,1452689822186,18,0,1224,18
152,208,1,1452689820935,1452689822079,18,0,1116,18
152,209,2,1452689820936,1452689822081,17,0,1119,18
152,210,3,1452689820936,1452689822110,17,0,1148,18
155,211,0,1452689822216,1452689823446,17,0,1202,17
155,212,1,1452689822217,1452689823363,18,0,1117,17
155,213,2,1452689822217,1452689823364,17,0,1121,17
155,214,3,1452689822217,1452689823391,17,0,1147,17
158,215,0,1452689823482,1452689824732,19,1,1221,12
158,216,1,1452689823482,1452689824604,17,0,1094,0
158,217,2,1452689823483,1452689824608,18,0,1098,0
158,218,3,1452689823483,1452689824642,18,1,1130,0
161,219,0,1452689824765,1452689825928,16,0,1139,0
161,220,1,1452689824766,1452689825934,17,0,1143,0
161,221,2,1452689824766,1452689825892,16,0,1101,0
161,222,3,1452689824766,1452689825916,16,1,1125,0
164,223,0,1452689825966,1452689827185,15,0,1196,8
164,224,1,1452689825967,1452689827069,14,1,1079,8
164,225,2,1452689825967,1452689827092,15,1,1102,8
164,226,3,1452689825968,1452689827112,15,0,1122,8
167,227,0,1452689827215,1452689828427,16,0,1188,10
167,228,1,1452689827215,1452689828327,14,1,1088,10
167,229,2,1452689827216,1452689828343,16,0,1102,10
167,230,3,1452689827216,1452689828367,16,0,1127,10
170,231,0,1452689828456,1452689829653,15,0,1174,11
170,232,1,1452689828456,1452689829581,17,0,1098,11
170,233,2,1452689828457,1452689829580,16,0,1098,11
170,234,3,1452689828457,1452689829598,14,0,1117,11
173,235,0,1452689829682,1452689830858,13,0,1155,14
173,236,1,1452689829682,1452689830785,14,0,1079,14
173,237,2,1452689829683,1452689830821,12,0,1117,14
173,238,3,1452689829683,1452689830849,12,0,1146,14
176,239,0,1452689830887,1452689832068,13,0,1160,16
176,240,1,1452689830887,1452689832036,14,0,1125,16
176,241,2,1452689830888,1452689832045,15,0,1135,16
176,242,3,1452689830888,1452689832037,13,0,1128,16
179,243,0,1452689832098,1452689833265,14,0,1145,18
179,244,1,1452689832098,1452689833237,14,0,1117,18
179,245,2,1452689832099,1452689833218,15,0,1095,18
179,246,3,1452689832099,1452689833222,14,0,1101,18
182,247,0,1452689833294,1452689834461,15,0,1144,18
182,248,1,1452689833295,1452689834458,15,0,1140,18
182,249,2,1452689833295,1452689834414,15,0,1095,18
182,250,3,1452689833296,1452689834432,15,0,1114,18
185,251,0,1452689834490,1452689835654,17,1,1137,19
185,252,1,1452689834491,1452689835645,19,0,1126,19
185,253,2,1452689834492,1452689835635,17,0,1117,19
185,254,3,1452689834492,1452689835659,16,0,1142,19
188,255,0,1452689835687,1452689836881,15,0,1171,19
188,256,1,1452689835687,1452689836866,17,1,1154,19
188,257,2,1452689835688,1452689836859,16,0,1148,19
188,258,3,1452689835688,1452689836852,14,0,1141,19
191,259,0,1452689836910,1452689838106,15,0,1173,17
191,260,1,1452689836910,1452689838072,15,0,1137,17
191,261,2,1452689836911,1452689838097,15,0,1163,17
191,262,3,1452689836911,1452689838076,14,0,1143,17
194,263,0,1452689838134,1452689839321,16,1,1162,13
194,264,1,1452689838135,1452689839258,16,0,1097,0
194,265,2,1452689838135,1452689839259,15,0,1101,0
194,266,3,1452689838136,1452689839261,15,1,1102,0
197,267,0,1452689839349,1452689840530,15,0,1157,0
197,268,1,1452689839349,1452689840448,15,0,1075,0
197,269,2,1452689839350,1452689840458,14,0,1086,0
197,270,3,1452689839350,1452689840518,15,1,1144,0
200,271,0,1452689840558,1452689841744,15,0,1163,7
200,272,1,1452689840558,1452689841732,14,1,1151,7
200,273,2,1452689840559,1452689841693,15,1,1109,7
200,274,3,1452689840559,1452689841702,13,0,1122,7
203,275,0,1452689841789,1452689842971,15,0,1158,9
203,276,1,1452689841789,1452689842916,15,0,1104,9
203,277,2,1452689841790,1452689842917,14,0,1102,9
203,278,3,1452689841790,1452689842932,15,0,1119,9
206,279,0,1452689843000,1452689844185,15,0,1162,11
206,280,1,1452689843000,1452689844138,15,1,1113,11
206,281,2,1452689843001,1452689844149,15,0,1125,11
206,282,3,1452689843001,1452689844145,16,0,1119,11
209,283,0,1452689844212,1452689845395,14,0,1161,13
209,284,1,1452689844213,1452689845340,15,0,1104,13
209,285,2,1452689844213,1452689845340,13,0,1104,13
209,286,3,1452689844213,1452689845351,14,1,1115,13
212,287,0,1452689845423,1452689846595,13,0,1151,17
212,288,1,1452689845424,1452689846570,14,0,1090,17
212,289,2,1452689845424,1452689846571,13,0,1120,17
212,290,3,1452689845424,1452689846571,13,0,1120,17
215,291,0,1452689846623,1452689847764,14,0,1120,17
215,292,1,1452689846624,1452689847726,14,0,1080,17
215,293,2,1452689846624,1452689847779,14,0,1133,17
215,294,3,1452689846624,1452689847753,15,1,1105,17
218,295,0,1452689847806,1452689849031,17,0,1200,17
218,296,1,1452689847807,1452689848909,16,1,1076,17
218,297,2,1452689847807,1452689848956,16,0,1122,17
218,298,3,1452689847807,1452689848949,16,0,1117,17
221,299,0,1452689849058,1452689850259,15,1,1177,21
221,300,1,1452689849058,1452689850175,15,0,1093,21
221,301,2,1452689849059,1452689850179,16,0,1097,21
221,302,3,1452689849059,1452689850210,16,0,1128,21
224,303,0,1452689850285,1452689851522,17,0,1212,21
224,304,1,1452689850285,1452689851409,15,0,1100,21
224,305,2,1452689850286,1452689851444,16,0,1134,21
224,306,3,1452689850286,1452689851448,16,0,1139,21
227,307,0,1452689851550,1452689852738,16,0,1165,19
227,308,1,1452689851550,1452689852720,18,0,1143,19
227,309,2,1452689851550,1452689852723,15,0,1150,19
227,310,3,1452689851551,1452689852726,17,0,1151,19
230,311,0,1452689852764,1452689853950,15,0,1163,14
230,312,1,1452689852765,1452689853880,14,0,1091,0
230,313,2,1452689852765,1452689853879,15,0,1090,0
230,314,3,1452689852765,1452689853926,13,0,1139,0
233,315,0,1452689853977,1452689855150,14,1,1150,0
233,316,1,1452689853977,1452689855103,15,0,1102,0
233,317,2,1452689853978,1452689855105,14,1,1105,0
233,318,3,1452689853978,1452689855150,14,0,1149,0
236,319,0,1452689855176,1452689856357,15,0,1158,8
236,320,1,1452689855177,1452689856284,16,0,1083,8
236,321,2,1452689855177,1452689856303,15,0,1103,8
236,322,3,1452689855177,1452689856364,14,0,1165,8
239,323,0,1452689856414,1452689857632,14,0,1196,10
239,324,1,1452689856414,1452689857515,13,1,1080,10
239,325,2,1452689856414,1452689857551,13,0,1116,10
239,326,3,1452689856414,1452689857556,13,0,1121,10
242,327,0,1452689857657,1452689858855,15,0,1175,12
242,328,1,1452689857657,1452689858801,15,0,1122,12
242,329,2,1452689857657,1452689858751,15,0,1071,12
242,330,3,1452689857657,1452689858795,15,1,1114,12
245,331,0,1452689858896,1452689860101,17,0,1181,13
245,332,1,1452689858896,1452689860056,18,0,1135,13
245,333,2,1452689858896,1452689860003,18,0,1083,13
245,334,3,1452689858897,1452689859999,17,0,1077,13
248,335,0,1452689860124,1452689861305,13,0,1160,15
248,336,1,1452689860124,1452689861255,14,0,1110,15
248,337,2,1452689860124,1452689861226,12,1,1082,15
248,338,3,1452689860125,1452689861225,12,1,1080,15
251,339,0,1452689861328,1452689862517,13,0,1169,23
251,340,1,1452689861328,1452689862437,14,0,1087,23
251,341,2,1452689861329,1452689862442,13,0,1093,23
251,342,3,1452689861329,1452689862442,13,0,1093,23
254,343,0,1452689862545,1452689863722,16,0,1153,17
254,344,1,1452689862546,1452689863657,16,0,1086,17
254,345,2,1452689862546,1452689863680,16,0,1110,17
254,346,3,1452689862547,1452689863708,16,0,1137,17
257,347,0,1452689863749,1452689864943,14,0,1172,17
257,348,1,1452689863749,1452689864884,16,1,1110,17
257,349,2,1452689863750,1452689864916,15,0,1144,17
257,350,3,1452689863750,1452689864904,16,0,1130,17
260,351,0,1452689864969,1452689866200,15,0,1209,18
260,352,1,1452689864969,1452689866102,16,0,1110,18
260,353,2,1452689864969,1452689866104,13,1,1114,18
260,354,3,1452689864969,1452689866149,14,0,1158,18
263,355,0,1452689866227,1452689867447,14,0,1196,17
263,356,1,1452689866228,1452689867372,14,1,1122,17
263,357,2,1452689866228,1452689867367,14,0,1117,17
263,358,3,1452689866229,1452689867374,13,1,1125,17
266,359,0,1452689867474,1452689868689,15,0,1191,13
266,360,1,1452689867475,1452689868573,15,0,1075,0
266,361,2,1452689867475,1452689868619,15,0,1121,0
266,362,3,1452689867475,1452689868606,13,0,1109,0
269,363,0,1452689868716,1452689869915,14,0,1177,0
269,364,1,1452689868717,1452689869895,15,0,1156,0
269,365,2,1452689868717,1452689869835,15,1,1095,0
269,366,3,1452689868717,1452689869848,15,0,1109,0
272,367,0,1452689869948,1452689871159,13,0,1191,7
272,368,1,1452689869948,1452689871050,15,1,1079,7
272,369,2,1452689869948,1452689871058,15,0,1088,7
272,370,3,1452689869948,1452689871108,14,0,1138,7
275,371,0,1452689871185,1452689872389,12,0,1184,9
275,372,1,1452689871186,1452689872299,13,0,1092,9
275,373,2,1452689871186,1452689872302,14,0,1095,9
275,374,3,1452689871186,1452689872384,13,0,1178,9
278,375,0,1452689872413,1452689873625,14,0,1190,12
278,376,1,1452689872414,1452689873636,15,0,1200,12
278,377,2,1452689872414,1452689873541,15,0,1104,12
278,378,3,1452689872414,1452689873546,13,0,1111,12
281,379,0,1452689873660,1452689875041,15,0,1359,13
281,380,1,1452689873660,1452689874776,13,0,1095,13
281,381,2,1452689873661,1452689874752,13,0,1070,13
281,382,3,1452689873661,1452689874813,13,0,1131,13
284,383,0,1452689875065,1452689876363,15,1,1275,17
284,384,1,1452689875065,1452689876168,12,0,1083,17
284,385,2,1452689875066,1452689876171,12,0,1086,17
284,386,3,1452689875066,1452689876171,12,0,1087,17
287,387,0,1452689876386,1452689877612,13,0,1207,16
287,388,1,1452689876386,1452689877443,14,0,1035,16
287,389,2,1452689876386,1452689877484,12,0,1078,16
287,390,3,1452689876387,1452689877541,14,0,1134,16
290,391,0,1452689877648,1452689878918,15,0,1249,17
290,392,1,1452689877648,1452689878771,15,0,1102,17
290,393,2,1452689877648,1452689878768,15,0,1097,17
290,394,3,1452689877649,1452689878773,15,0,1104,17
293,395,0,1452689878942,1452689880146,13,0,1184,19
293,396,1,1452689878942,1452689880055,12,0,1093,19
293,397,2,1452689878942,1452689880077,13,0,1114,19
293,398,3,1452689878943,1452689880077,12,0,1115,19
296,399,0,1452689880168,1452689881384,13,0,1196,16
296,400,1,1452689880168,1452689881276,13,0,1088,16
296,401,2,1452689880169,1452689881301,14,1,1112,16
296,402,3,1452689880169,1452689881327,13,1,1137,16
299,403,0,1452689881408,1452689882627,13,0,1199,15
299,404,1,1452689881409,1452689882524,12,0,1096,0
299,405,2,1452689881409,1452689882579,13,0,1151,15
299,406,3,1452689881409,1452689882551,12,0,1123,15
302,407,0,1452689882659,1452689883877,13,0,1197,0
302,408,1,1452689882660,1452689883777,14,0,1096,0
302,409,2,1452689882660,1452689883777,13,0,1095,0
302,410,3,1452689882660,1452689883815,13,0,1134,0
305,411,0,1452689883905,1452689885166,15,0,1238,7
305,412,1,1452689883905,1452689885042,13,0,1115,7
305,413,2,1452689883905,1452689885048,14,0,1120,7
305,414,3,1452689883906,1452689885049,14,0,1123,7
308,415,0,1452689885199,1452689886392,14,1,1172,7
308,416,1,1452689885199,1452689886302,14,1,1080,7
308,417,2,1452689885199,1452689886329,14,0,1109,7
308,418,3,1452689885200,1452689886352,14,1,1131,7
311,419,0,1452689886419,1452689887603,14,0,1164,10
311,420,1,1452689886419,1452689887556,13,0,1116,10
311,421,2,1452689886419,1452689887558,13,0,1119,10
311,422,3,1452689886420,1452689887564,13,1,1124,10
314,423,0,1452689887631,1452689888823,14,0,1171,10
314,424,1,1452689887631,1452689888749,12,1,1097,10
314,425,2,1452689887631,1452689888749,14,0,1097,10
314,426,3,1452689887631,1452689888805,12,1,1154,10
317,427,0,1452689888849,1452689890004,14,0,1135,14
317,428,1,1452689888850,1452689889967,11,1,1097,14
317,429,2,1452689888850,1452689889967,11,0,1099,14
317,430,3,1452689888850,1452689890001,12,0,1132,14
320,431,0,1452689890032,1452689891240,13,0,1187,16
320,432,1,1452689890033,1452689891174,13,0,1121,16
320,433,2,1452689890033,1452689891155,14,0,1100,16
320,434,3,1452689890033,1452689891167,14,0,1112,16
323,435,0,1452689891271,1452689892482,14,1,1189,18
323,436,1,1452689891271,1452689892387,13,0,1096,18
323,437,2,1452689891272,1452689892389,12,0,1098,18
323,438,3,1452689891272,1452689892404,13,1,1112,18
326,439,0,1452689892510,1452689893699,13,1,1169,19
326,440,1,1452689892511,1452689893612,11,0,1082,19
326,441,2,1452689892511,1452689893619,13,0,1088,19
326,442,3,1452689892511,1452689893676,13,0,1146,19
329,443,0,1452689893724,1452689894961,12,0,1219,21
329,444,1,1452689893725,1452689894885,11,0,1143,21
329,445,2,1452689893725,1452689894850,12,0,1106,21
329,446,3,1452689893725,1452689894862,11,0,1120,21
332,447,0,1452689894989,1452689896230,11,0,1223,19
332,448,1,1452689894989,1452689896116,11,0,1108,19
332,449,2,1452689894989,1452689896117,10,1,1109,19
332,450,3,1452689894990,1452689896130,11,1,1123,19
335,451,0,1452689896256,1452689897497,14,1,1220,17
335,452,1,1452689896256,1452689897350,13,1,1073,0
335,453,2,1452689896257,1452689897357,14,0,1081,0
335,454,3,1452689896257,1452689897426,13,0,1151,17
338,455,0,1452689897540,1452689898749,10,0,1193,0
338,456,1,1452689897540,1452689898651,10,0,1094,0
338,457,2,1452689897540,1452689898656,12,0,1097,0
338,458,3,1452689897541,1452689898667,11,1,1108,0
341,459,0,1452689898775,1452689900061,13,0,1267,6
341,460,1,1452689898775,1452689899864,10,0,1072,6
341,461,2,1452689898775,1452689899887,12,0,1094,6
341,462,3,1452689898775,1452689899931,11,0,1139,6
344,463,0,1452689900086,1452689901318,11,1,1214,8
344,464,1,1452689900086,1452689901206,11,0,1101,8
344,465,2,1452689900087,1452689901209,11,0,1106,8
344,466,3,1452689900087,1452689901215,12,0,1111,8
347,467,0,1452689901344,1452689902498,12,0,1135,10
347,468,1,1452689901344,1452689902438,10,0,1077,10
347,469,2,1452689901345,1452689902449,12,0,1086,10
347,470,3,1452689901345,1452689902516,12,0,1154,10
350,471,0,1452689902543,1452689903732,11,0,1171,12
350,472,1,1452689902544,1452689903625,12,0,1062,12
350,473,2,1452689902544,1452689903653,12,0,1091,12
350,474,3,1452689902544,1452689903667,11,0,1106,12
353,475,0,1452689903758,1452689904943,13,0,1167,14
353,476,1,1452689903758,1452689904842,11,0,1066,14
353,477,2,1452689903758,1452689904859,11,0,1083,14
353,478,3,1452689903758,1452689904904,11,0,1128,14
356,479,0,1452689904970,1452689906128,11,0,1141,16
356,480,1,1452689904970,1452689906039,12,0,1050,16
356,481,2,1452689904970,1452689906119,12,1,1130,16
356,482,3,1452689904970,1452689906087,11,0,1100,16
359,483,0,1452689906154,1452689907313,11,0,1141,18
359,484,1,1452689906154,1452689907274,12,0,1102,18
359,485,2,1452689906154,1452689907264,11,0,1091,18
359,486,3,1452689906155,1452689907263,10,0,1092,18
362,487,0,1452689907339,1452689908498,12,0,1141,18
362,488,1,1452689907339,1452689908480,11,0,1123,18
362,489,2,1452689907339,1452689908460,11,0,1100,18
362,490,3,1452689907340,1452689908458,10,0,1101,18
365,491,0,1452689908524,1452689909683,11,0,1141,18
365,492,1,1452689908524,1452689909666,12,0,1124,18
365,493,2,1452689908524,1452689909654,12,0,1111,18
365,494,3,1452689908524,1452689909657,11,0,1115,18
368,495,0,1452689909709,1452689910884,13,0,1155,19
368,496,1,1452689909709,1452689910870,11,0,1144,19
368,497,2,1452689909709,1452689910865,12,0,1136,19
368,498,3,1452689909709,1452689910871,11,0,1144,19
371,499,0,1452689910911,1452689912077,12,0,1148,15
371,500,1,1452689910911,1452689911995,11,0,1066,0
371,501,2,1452689910911,1452689912069,11,0,1140,15
371,502,3,1452689910911,1452689912035,12,0,1105,15
374,503,0,1452689912104,1452689913262,11,1,1139,0
374,504,1,1452689912104,1452689913228,10,0,1108,0
374,505,2,1452689912104,1452689913221,11,0,1098,0
374,506,3,1452689912105,1452689913231,12,0,1109,0
377,507,0,1452689913292,1452689914473,13,0,1161,8
377,508,1,1452689913292,1452689914384,11,0,1073,8
377,509,2,1452689913293,1452689914437,12,0,1126,8
377,510,3,1452689913293,1452689914424,12,0,1113,8
380,511,0,1452689914500,1452689915665,12,0,1146,8
380,512,1,1452689914501,1452689915630,11,0,1112,8
380,513,2,1452689914501,1452689915629,12,0,1110,8
380,514,3,1452689914501,1452689915638,12,0,1120,8
383,515,0,1452689915689,1452689916854,13,0,1146,10
383,516,1,1452689915690,1452689916778,11,0,1071,10
383,517,2,1452689915690,1452689916878,12,0,1171,10
383,518,3,1452689915690,1452689916794,13,1,1085,10
386,519,0,1452689916916,1452689918127,13,0,1193,11
386,520,1,1452689916916,1452689918011,13,0,1075,11
386,521,2,1452689916917,1452689918035,12,0,1100,11
386,522,3,1452689916917,1452689918052,12,0,1117,11
389,523,0,1452689918153,1452689919366,12,0,1194,14
389,524,1,1452689918153,1452689919245,13,0,1071,14
389,525,2,1452689918153,1452689919279,13,0,1107,14
389,526,3,1452689918153,1452689919280,13,0,1107,14
392,527,0,1452689919392,1452689920600,12,0,1191,16
392,528,1,1452689919392,1452689920489,11,0,1079,16
392,529,2,1452689919392,1452689920523,11,0,1114,16
392,530,3,1452689919392,1452689920510,12,0,1099,16
395,531,0,1452689920625,1452689921815,11,0,1173,16
395,532,1,1452689920625,1452689921759,12,0,1115,16
395,533,2,1452689920625,1452689921754,12,0,1109,16
395,534,3,1452689920626,1452689921759,12,0,1115,16
398,535,0,1452689921843,1452689923042,10,0,1182,17
398,536,1,1452689921843,1452689922951,10,0,1090,17
398,537,2,1452689921843,1452689922957,10,1,1097,17
398,538,3,1452689921844,1452689922982,11,1,1121,17
401,539,0,1452689923072,1452689924269,11,0,1179,18
401,540,1,1452689923073,1452689924174,11,0,1083,18
401,541,2,1452689923073,1452689924178,12,0,1088,18
401,542,3,1452689923073,1452689924191,11,0,1100,18
404,543,0,1452689924294,1452689925500,11,1,1189,19
404,544,1,1452689924294,1452689925418,10,0,1107,19
404,545,2,1452689924294,1452689925407,11,1,1094,19
404,546,3,1452689924294,1452689925457,11,1,1145,19
407,547,0,1452689925527,1452689926754,13,0,1207,14
407,548,1,1452689925527,1452689926638,11,0,1093,0
407,549,2,1452689925528,1452689926640,12,0,1095,0
407,550,3,1452689925528,1452689926652,12,0,1106,0
410,551,0,1452689926779,1452689927978,12,0,1180,0
410,552,1,1452689926779,1452689927869,13,0,1071,0
410,553,2,1452689926780,1452689927867,12,0,1069,0
410,554,3,1452689926780,1452689927918,12,0,1121,0
413,555,0,1452689928005,1452689929251,11,0,1228,8
413,556,1,1452689928005,1452689929115,11,1,1092,8
413,557,2,1452689928005,1452689929118,12,0,1095,8
413,558,3,1452689928006,1452689929121,12,0,1098,8
416,559,0,1452689929276,1452689930478,11,0,1185,9
416,560,1,1452689929276,1452689930359,11,1,1065,9
416,561,2,1452689929277,1452689930379,12,0,1085,9
416,562,3,1452689929277,1452689930401,11,0,1108,9
419,563,0,1452689930504,1452689931704,11,0,1183,10
419,564,1,1452689930504,1452689931587,9,1,1067,10
419,565,2,1452689930504,1452689931602,10,0,1082,10
419,566,3,1452689930504,1452689931610,9,0,1091,10
422,567,0,1452689931729,1452689932911,10,0,1166,12
422,568,1,1452689931730,1452689932814,11,0,1067,12
422,569,2,1452689931730,1452689932829,10,1,1082,12
422,570,3,1452689931730,1452689932849,9,0,1104,12
425,571,0,1452689932938,1452689934147,10,0,1192,16
425,572,1,1452689932939,1452689934022,9,0,1068,16
425,573,2,1452689932939,1452689934040,11,0,1081,16
425,574,3,1452689932939,1452689934090,10,0,1136,16
428,575,0,1452689934172,1452689935373,11,0,1185,18
428,576,1,1452689934172,1452689935284,10,1,1095,18
428,577,2,1452689934172,1452689935282,11,0,1092,18
428,578,3,1452689934172,1452689935315,10,0,1127,18
431,579,0,1452689935400,1452689936603,10,1,1186,17
431,580,1,1452689935400,1452689936501,11,0,1084,17
431,581,2,1452689935400,1452689936496,11,0,1078,17
431,582,3,1452689935401,1452689936517,12,0,1099,17
434,583,0,1452689936630,1452689937834,12,0,1186,18
434,584,1,1452689936630,1452689937724,11,0,1076,18
434,585,2,1452689936630,1452689937754,11,0,1107,18
434,586,3,1452689936631,1452689937727,12,0,1079,18
437,587,0,1452689937871,1452689939078,13,0,1189,20
437,588,1,1452689937872,1452689938977,12,0,1089,20
437,589,2,1452689937872,1452689938972,11,0,1083,20
437,590,3,1452689937872,1452689939002,12,0,1113,20
440,591,0,1452689939105,1452689940354,10,0,1233,15
440,592,1,1452689939105,1452689940192,9,0,1071,0
440,593,2,1452689939105,1452689940197,9,0,1077,0
440,594,3,1452689939106,1452689940319,10,0,1197,15
443,595,0,1452689940380,1452689941597,11,0,1199,14
443,596,1,1452689940380,1452689941483,12,1,1083,0
443,597,2,1452689940381,1452689941484,11,0,1087,0
443,598,3,1452689940381,1452689941501,12,0,1103,0
446,599,0,1452689941624,1452689942835,10,1,1194,0
446,600,1,1452689941624,1452689942714,10,1,1072,0
446,601,2,1452689941624,1452689942717,10,0,1076,0
446,602,3,1452689941624,1452689942781,10,0,1141,0
449,603,0,1452689942862,1452689944067,10,0,1189,8
449,604,1,1452689942862,1452689944013,10,0,1135,8
449,605,2,1452689942863,1452689943972,9,0,1093,8
449,606,3,1452689942863,1452689943993,10,0,1115,8
452,607,0,1452689944092,1452689945247,12,0,1136,9
452,608,1,1452689944093,1452689945237,11,0,1128,9
452,609,2,1452689944093,1452689945212,11,0,1102,9
452,610,3,1452689944093,1452689945220,11,0,1111,9
455,611,0,1452689945274,1452689946415,10,0,1125,10
455,612,1,1452689945274,1452689946355,10,0,1064,10
455,613,2,1452689945274,1452689946367,9,0,1078,10
455,614,3,1452689945274,1452689946394,10,0,1103,10
458,615,0,1452689946441,1452689947601,12,0,1142,14
458,616,1,1452689946441,1452689947537,13,1,1076,14
458,617,2,1452689946441,1452689947537,12,0,1079,14
458,618,3,1452689946441,1452689947547,12,0,1088,14
461,619,0,1452689947628,1452689948779,9,0,1136,15
461,620,1,1452689947628,1452689948702,9,0,1058,15
461,621,2,1452689947628,1452689948718,10,0,1073,15
461,622,3,1452689947628,1452689948752,10,0,1108,15
464,623,0,1452689948805,1452689950376,12,0,1118,16
464,624,1,1452689948805,1452689950376,12,0,1101,16
464,625,2,1452689948805,1452689949933,11,0,1099,16
464,626,3,1452689948806,1452689950376,11,0,1102,16
467,627,0,1452689950438,1452689951608,10,0,1117,18
467,628,1,1452689950476,1452689951561,11,0,1067,18
467,629,2,1452689950476,1452689951561,10,1,1067,18
467,630,3,1452689950476,1452689951594,9,0,1102,18
470,631,0,1452689951631,1452689952766,10,0,1119,18
470,632,1,1452689951632,1452689952724,9,0,1077,18
470,633,2,1452689951632,1452689952733,10,0,1085,18
470,634,3,1452689951632,1452689952740,10,0,1092,18
473,635,0,1452689952791,1452689953984,10,0,1177,17
473,636,1,1452689952791,1452689953886,11,0,1078,17
473,637,2,1452689952791,1452689953895,11,0,1088,17
473,638,3,1452689952791,1452689953933,10,0,1126,17
476,639,0,1452689954009,1452689955247,10,0,1222,17
476,640,1,1452689954010,1452689955101,9,0,1076,0
476,641,2,1452689954010,1452689955105,10,0,1080,0
476,642,3,1452689954010,1452689955199,10,1,1173,17
479,643,0,1452689955275,1452689956462,11,0,1171,14
479,644,1,1452689955275,1452689956461,12,1,1168,14
479,645,2,1452689955275,1452689956381,12,1,1088,0
479,646,3,1452689955275,1452689956392,12,0,1100,0
482,647,0,1452689956489,1452689957662,9,1,1158,0
482,648,1,1452689956489,1452689957603,10,0,1099,0
482,649,2,1452689956489,1452689957588,10,1,1083,0
482,650,3,1452689956489,1452689957615,9,0,1111,0
485,651,0,1452689957687,1452689958857,9,0,1155,9
485,652,1,1452689957688,1452689958780,10,1,1075,9
485,653,2,1452689957688,1452689958863,9,0,1161,9
485,654,3,1452689957688,1452689958810,9,0,1108,9
488,655,0,1452689958889,1452689960115,10,0,1210,9
488,656,1,1452689958889,1452689959995,9,1,1090,9
488,657,2,1452689958889,1452689959996,9,0,1091,9
488,658,3,1452689958890,1452689960019,9,0,1114,9
491,659,0,1452689960162,1452689961370,10,0,1191,10
491,660,1,1452689960163,1452689961252,9,0,1073,10
491,661,2,1452689960163,1452689961262,10,0,1083,10
491,662,3,1452689960163,1452689961296,10,0,1116,10
494,663,0,1452689961401,1452689962622,12,0,1202,14
494,664,1,1452689961402,1452689962505,11,0,1086,14
494,665,2,1452689961402,1452689962513,12,0,1094,14
494,666,3,1452689961402,1452689962525,13,0,1105,14
497,667,0,1452689962647,1452689963860,10,0,1197,15
497,668,1,1452689962648,1452689963739,11,0,1074,15
497,669,2,1452689962648,1452689963741,11,0,1077,15
497,670,3,1452689962648,1452689963771,11,0,1107,15
500,671,0,1452689963891,1452689965029,9,0,1124,16
500,672,1,1452689963891,1452689964986,9,0,1080,16
500,673,2,1452689963891,1452689964987,10,0,1079,16
500,674,3,1452689963891,1452689965005,10,0,1099,16
503,675,0,1452689965053,1452689966225,10,1,1156,16
503,676,1,1452689965053,1452689966141,10,0,1072,16
503,677,2,1452689965053,1452689966145,9,0,1078,16
503,678,3,1452689965053,1452689966202,9,0,1135,16
506,679,0,1452689966257,1452689967403,11,0,1130,18
506,680,1,1452689966257,1452689967364,9,0,1091,18
506,681,2,1452689966258,1452689967365,9,0,1093,18
506,682,3,1452689966258,1452689967390,10,0,1117,18
509,683,0,1452689967428,1452689968619,10,0,1176,18
509,684,1,1452689967428,1452689968571,11,0,1127,18
509,685,2,1452689967428,1452689968569,9,0,1126,18
509,686,3,1452689967428,1452689968577,9,0,1135,18
512,687,0,1452689968643,1452689969806,10,0,1148,17
512,688,1,1452689968643,1452689969763,11,0,1103,17
512,689,2,1452689968643,1452689969763,11,0,1104,17
512,690,3,1452689968643,1452689969783,12,0,1123,17
515,691,0,1452689969830,1452689970988,9,0,1143,16
515,692,1,1452689969830,1452689970909,8,0,1065,0
515,693,2,1452689969830,1452689970920,10,0,1074,0
515,694,3,1452689969830,1452689970994,10,0,1149,16
518,695,0,1452689971018,1452689972202,9,0,1170,0
518,696,1,1452689971018,1452689972088,10,0,1054,0
518,697,2,1452689971018,1452689972110,11,1,1075,0
518,698,3,1452689971018,1452689972144,10,0,1111,0
521,699,0,1452689972230,1452689973402,10,0,1156,7
521,700,1,1452689972231,1452689973319,9,0,1072,7
521,701,2,1452689972231,1452689973329,10,0,1083,7
521,702,3,1452689972231,1452689973341,10,0,1095,7
524,703,0,1452689973430,1452689974642,9,0,1196,9
524,704,1,1452689973430,1452689974517,9,0,1071,9
524,705,2,1452689973430,1452689974524,9,0,1079,9
524,706,3,1452689973431,1452689974550,9,0,1105,9
527,707,0,1452689974669,1452689975852,10,0,1167,11
527,708,1,1452689974670,1452689975753,10,0,1067,11
527,709,2,1452689974670,1452689975769,10,0,1084,11
527,710,3,1452689974670,1452689975777,10,0,1092,11
530,711,0,1452689975880,1452689977082,11,0,1186,13
530,712,1,1452689975880,1452689976964,11,0,1068,13
530,713,2,1452689975881,1452689976976,11,0,1079,13
530,714,3,1452689975881,1452689977012,10,0,1116,13
533,715,0,1452689977109,1452689978301,10,0,1176,16
533,716,1,1452689977110,1452689978203,9,0,1079,16
533,717,2,1452689977110,1452689978203,11,0,1076,16
533,718,3,1452689977110,1452689978217,11,0,1090,16
536,719,0,1452689978327,1452689979495,9,1,1152,19
536,720,1,1452689978328,1452689979422,10,0,1079,19
536,721,2,1452689978328,1452689979474,9,1,1131,19
536,722,3,1452689978328,1452689979447,11,0,1103,19
539,723,0,1452689979520,1452689980684,9,0,1149,17
539,724,1,1452689979520,1452689980634,10,1,1099,17
539,725,2,1452689979520,1452689980635,10,0,1098,17
539,726,3,1452689979520,1452689980693,10,0,1158,17
542,727,0,1452689980730,1452689981896,18,1,1142,18
542,728,1,1452689980730,1452689981840,17,1,1087,18
542,729,2,1452689980730,1452689981883,18,0,1130,18
542,730,3,1452689980730,1452689981870,18,0,1117,18
545,731,0,1452689981923,1452689983075,10,0,1136,17
545,732,1,1452689981923,1452689983053,11,0,1114,17
545,733,2,1452689981923,1452689983042,11,0,1102,17
545,734,3,1452689981923,1452689983060,9,0,1122,17
548,735,0,1452689983101,1452689984264,9,0,1148,16
548,736,1,1452689983102,1452689984212,9,0,1096,16
548,737,2,1452689983102,1452689984249,10,0,1132,16
548,738,3,1452689983102,1452689984237,10,0,1120,16
551,739,0,1452689984291,1452689985449,12,0,1141,14
551,740,1,1452689984291,1452689985403,13,0,1094,0
551,741,2,1452689984291,1452689985399,12,0,1089,0
551,742,3,1452689984291,1452689985429,12,0,1120,14
554,743,0,1452689985475,1452689986613,12,0,1121,0
554,744,1,1452689985475,1452689986560,10,0,1069,0
554,745,2,1452689985475,1452689986614,11,0,1124,0
554,746,3,1452689985475,1452689986595,11,1,1104,0
557,747,0,1452689986641,1452689987843,9,0,1187,7
557,748,1,1452689986641,1452689987711,8,0,1056,7
557,749,2,1452689986642,1452689987734,9,1,1078,7
557,750,3,1452689986642,1452689987797,9,1,1141,7
560,751,0,1452689987869,1452689989102,9,0,1219,9
560,752,1,1452689987869,1452689988966,9,0,1083,9
560,753,2,1452689987869,1452689988968,9,0,1084,9
560,754,3,1452689987869,1452689989022,8,0,1139,9
563,755,0,1452689989128,1452689990317,8,0,1175,10
563,756,1,1452689989128,1452689990202,9,0,1059,10
563,757,2,1452689989129,1452689990232,9,0,1089,10
563,758,3,1452689989129,1452689990280,9,0,1137,10
566,759,0,1452689990343,1452689991530,8,1,1173,13
566,760,1,1452689990343,1452689991437,8,0,1080,13
566,761,2,1452689990343,1452689991441,9,0,1084,13
566,762,3,1452689990343,1452689991446,9,1,1088,13
569,763,0,1452689991555,1452689992741,10,0,1171,14
569,764,1,1452689991556,1452689992638,10,0,1067,14
569,765,2,1452689991556,1452689992648,11,1,1076,14
569,766,3,1452689991556,1452689992676,10,0,1105,14
572,767,0,1452689992767,1452689993951,10,0,1169,17
572,768,1,1452689992767,1452689993847,10,0,1065,17
572,769,2,1452689992767,1452689993858,10,0,1075,17
572,770,3,1452689992768,1452689993882,9,0,1099,17
575,771,0,1452689993978,1452689995165,9,0,1173,18
575,772,1,1452689993978,1452689995077,9,0,1085,18
575,773,2,1452689993978,1452689995082,10,0,1089,18
575,774,3,1452689993978,1452689995097,9,1,1103,18
578,775,0,1452689995191,1452689996384,10,0,1177,17
578,776,1,1452689995191,1452689996281,9,0,1075,17
578,777,2,1452689995192,1452689996291,10,0,1084,17
578,778,3,1452689995192,1452689996303,10,0,1096,17
581,779,0,1452689996410,1452689997609,10,0,1183,19
581,780,1,1452689996411,1452689997511,10,0,1084,19
581,781,2,1452689996411,1452689997564,11,0,1137,19
581,782,3,1452689996411,1452689997540,9,0,1116,19
584,783,0,1452689997632,1452689998811,8,0,1166,16
584,784,1,1452689997632,1452689998730,9,0,1084,16
584,785,2,1452689997632,1452689998736,8,0,1091,16
584,786,3,1452689997632,1452689998757,9,0,1111,16
587,787,0,1452689998834,1452690000044,8,0,1197,13
587,788,1,1452689998834,1452689999923,9,1,1074,0
587,789,2,1452689998834,1452689999946,7,1,1099,0
587,790,3,1452689998834,1452689999941,9,1,1093,0
590,791,0,1452690000066,1452690001258,8,0,1179,0
590,792,1,1452690000066,1452690001151,8,0,1067,0
590,793,2,1452690000066,1452690001152,8,0,1073,0
590,794,3,1452690000066,1452690001181,8,0,1103,0
593,795,0,1452690001280,1452690002471,8,0,1177,8
593,796,1,1452690001280,1452690002374,10,1,1078,8
593,797,2,1452690001281,1452690002371,9,0,1076,8
593,798,3,1452690001281,1452690002402,9,1,1107,8
596,799,0,1452690002510,1452690003674,9,0,1151,9
596,800,1,1452690002510,1452690003609,8,1,1086,9
596,801,2,1452690002510,1452690003612,9,0,1089,9
596,802,3,1452690002510,1452690003633,8,0,1110,9
599,803,0,1452690003697,1452690004837,9,0,1127,9
599,804,1,1452690003697,1452690004798,9,0,1087,9
599,805,2,1452690003697,1452690004800,10,0,1089,9
599,806,3,1452690003697,1452690004820,9,0,1109,9
602,807,0,1452690004859,1452690006089,8,1,1217,12
602,808,1,1452690004859,1452690006032,8,0,1160,12
602,809,2,1452690004859,1452690005974,9,0,1101,12
602,810,3,1452690004859,1452690006007,8,0,1136,12
605,811,0,1452690006114,1452690007272,8,0,1145,14
605,812,1,1452690006114,1452690007267,8,0,1139,14
605,813,2,1452690006115,1452690007212,8,1,1083,14
605,814,3,1452690006115,1452690007230,7,0,1103,14
608,815,0,1452690007710,1452690008864,7,0,1141,18
608,816,1,1452690007710,1452690008842,9,0,1117,18
608,817,2,1452690007711,1452690008844,9,0,1119,18
608,818,3,1452690007711,1452690008917,8,0,1194,18
611,819,0,1452690008961,1452690010164,9,0,1189,21
611,820,1,1452690008961,1452690010023,8,0,1049,21
611,821,2,1452690008961,1452690010071,8,0,1096,21
611,822,3,1452690008962,1452690010092,8,0,1117,21
614,823,0,1452690010185,1452690011401,8,0,1202,20
614,824,1,1452690010185,1452690011274,7,0,1076,20
614,825,2,1452690010186,1452690011282,9,0,1083,20
614,826,3,1452690010186,1452690011267,8,0,1068,20
617,827,0,1452690011425,1452690012613,8,1,1173,17
617,828,1,1452690011425,1452690012515,9,0,1077,17
617,829,2,1452690011425,1452690012531,8,0,1093,17
617,830,3,1452690011425,1452690012514,8,0,1075,17
620,831,0,1452690012634,1452690013849,9,0,1201,18
620,832,1,1452690012635,1452690013746,9,1,1078,0
620,833,2,1452690012635,1452690013752,9,0,1103,18
620,834,3,1452690012635,1452690013771,9,0,1122,18
623,835,0,1452690013871,1452690015099,9,0,1214,13
623,836,1,1452690013871,1452690014966,8,1,1081,0
623,837,2,1452690013871,1452690014970,9,0,1086,0
623,838,3,1452690013872,1452690014999,8,1,1114,0
626,839,0,1452690015121,1452690016323,8,0,1189,0
626,840,1,1452690015121,1452690016229,8,0,1095,0
626,841,2,1452690015122,1452690016227,8,0,1091,0
626,842,3,1452690015122,1452690016240,9,0,1104,0
629,843,0,1452690016344,1452690017549,8,0,1191,7
629,844,1,1452690016344,1452690017439,8,0,1080,7
629,845,2,1452690016345,1452690017456,8,0,1098,7
629,846,3,1452690016345,1452690017470,9,0,1111,7
632,847,0,1452690017573,1452690018752,9,0,1165,9
632,848,1,1452690017573,1452690018663,8,1,1075,9
632,849,2,1452690017573,1452690018710,8,0,1123,9
632,850,3,1452690017574,1452690018698,9,1,1110,9
635,851,0,1452690018774,1452690019945,10,0,1156,10
635,852,1,1452690018774,1452690019912,8,0,1125,10
635,853,2,1452690018774,1452690019882,8,0,1093,10
635,854,3,1452690018775,1452690019894,9,0,1106,10
638,855,0,1452690019967,1452690021140,8,1,1159,14
638,856,1,1452690019967,1452690021089,9,0,1109,14
638,857,2,1452690019967,1452690021079,9,0,1097,14
638,858,3,1452690019967,1452690021089,8,0,1109,14
641,859,0,1452690021161,1452690022333,9,1,1156,16
641,860,1,1452690021162,1452690022281,7,0,1107,16
641,861,2,1452690021162,1452690022265,8,0,1088,16
641,862,3,1452690021162,1452690022280,9,0,1104,16
644,863,0,1452690022368,1452690023544,8,0,1163,19
644,864,1,1452690022368,1452690023474,8,0,1091,19
644,865,2,1452690022368,1452690023479,9,0,1097,19
644,866,3,1452690022368,1452690023474,8,0,1093,19
647,867,0,1452690023570,1452690024770,8,0,1186,19
647,868,1,1452690023570,1452690024653,9,0,1069,19
647,869,2,1452690023570,1452690024626,7,0,1043,19
647,870,3,1452690023571,1452690024693,8,0,1109,19
650,871,0,1452690024790,1452690025957,8,0,1153,17
650,872,1,1452690024791,1452690025890,9,0,1086,17
650,873,2,1452690024791,1452690025885,9,0,1081,17
650,874,3,1452690024791,1452690025871,8,0,1067,17
653,875,0,1452690025978,1452690027170,8,0,1179,19
653,876,1,1452690025978,1452690027081,8,0,1089,19
653,877,2,1452690025978,1452690027090,9,0,1097,19
653,878,3,1452690025978,1452690027107,8,0,1115,19
656,879,0,1452690027195,1452690028370,9,0,1160,15
656,880,1,1452690027196,1452690028274,8,0,1064,0
656,881,2,1452690027196,1452690028304,8,1,1093,15
656,882,3,1452690027196,1452690028340,8,0,1130,15
659,883,0,1452690028391,1452690029574,8,0,1169,13
659,884,1,1452690028391,1452690029493,9,0,1086,0
659,885,2,1452690028392,1452690029498,8,0,1093,0
659,886,3,1452690028392,1452690029513,9,0,1107,0
662,887,0,1452690029599,1452690030782,13,0,1164,0
662,888,1,1452690029599,1452690030682,12,0,1064,0
662,889,2,1452690029600,1452690030694,13,0,1075,0
662,890,3,1452690029600,1452690030742,12,0,1125,0
665,891,0,1452690030807,1452690031989,7,0,1169,7
665,892,1,1452690030807,1452690031942,7,0,1122,7
665,893,2,1452690030807,1452690031915,9,0,1093,7
665,894,3,1452690030808,1452690031926,8,0,1106,7
668,895,0,1452690032014,1452690033200,10,0,1169,10
668,896,1,1452690032015,1452690033148,10,0,1117,10
668,897,2,1452690032015,1452690033123,9,0,1092,10
668,898,3,1452690032015,1452690033139,9,0,1108,10
671,899,0,1452690033225,1452690034418,10,0,1178,12
671,900,1,1452690033226,1452690034372,10,0,1131,12
671,901,2,1452690033226,1452690034343,11,0,1100,12
671,902,3,1452690033226,1452690034345,9,0,1105,12
674,903,0,1452690034440,1452690035601,8,0,1147,13
674,904,1,1452690034441,1452690035589,9,0,1135,13
674,905,2,1452690034441,1452690035539,8,0,1085,13
674,906,3,1452690034441,1452690035564,9,0,1109,13
677,907,0,1452690035626,1452690036796,8,1,1155,15
677,908,1,1452690035626,1452690036758,9,0,1117,15
677,909,2,1452690035627,1452690036731,9,0,1089,15
677,910,3,1452690035627,1452690036749,8,0,1109,15
680,911,0,1452690036821,1452690037991,8,0,1157,17
680,912,1,1452690036821,1452690037920,9,0,1085,17
680,913,2,1452690036821,1452690037924,8,0,1091,17
680,914,3,1452690036821,1452690037939,9,1,1104,17
683,915,0,1452690038016,1452690039170,8,1,1140,18
683,916,1,1452690038017,1452690039110,9,0,1079,18
683,917,2,1452690038017,1452690039112,8,0,1083,18
683,918,3,1452690038017,1452690039149,9,0,1118,18
686,919,0,1452690039192,1452690040361,8,0,1156,19
686,920,1,1452690039192,1452690040301,8,0,1097,19
686,921,2,1452690039192,1452690040299,9,1,1093,19
686,922,3,1452690039192,1452690040319,9,0,1113,19
689,923,0,1452690040383,1452690041620,9,0,1156,18
689,924,1,1452690040383,1452690041619,8,0,1088,18
689,925,2,1452690040383,1452690041619,8,0,1103,18
689,926,3,1452690040383,1452690041620,8,0,1174,18
692,927,0,1452690041642,1452690042811,10,1,1154,19
692,928,1,1452690041642,1452690042751,9,0,1094,19
692,929,2,1452690041642,1452690042754,9,0,1099,19
692,930,3,1452690041642,1452690042776,9,0,1119,19
695,931,0,1452690042833,1452690044011,7,1,1165,14
695,932,1,1452690042834,1452690043912,9,0,1064,0
695,933,2,1452690042834,1452690043928,8,0,1082,0
695,934,3,1452690042834,1452690043970,9,0,1123,0
698,935,0,1452690044050,1452690045269,8,0,1207,0
698,936,1,1452690044050,1452690045140,8,0,1076,0
698,937,2,1452690044050,1452690045156,8,0,1093,0
698,938,3,1452690044050,1452690045165,7,0,1104,0
701,939,0,1452690045292,1452690046510,8,0,1205,7
701,940,1,1452690045292,1452690046374,8,0,1068,7
701,941,2,1452690045292,1452690046405,8,0,1099,7
701,942,3,1452690045293,1452690046446,9,0,1139,7
704,943,0,1452690046532,1452690047764,8,1,1219,9
704,944,1,1452690046532,1452690047642,8,0,1096,9
704,945,2,1452690046532,1452690047642,8,0,1097,9
704,946,3,1452690046532,1452690047653,9,0,1108,9
707,947,0,1452690047787,1452690048945,8,0,1144,12
707,948,1,1452690047787,1452690048872,9,0,1070,12
707,949,2,1452690047787,1452690048891,7,0,1092,12
707,950,3,1452690047788,1452690048940,9,0,1138,12
710,951,0,1452690048967,1452690050162,9,0,1181,12
710,952,1,1452690048967,1452690050063,8,0,1083,12
710,953,2,1452690048967,1452690050065,8,0,1086,12
710,954,3,1452690048967,1452690050087,8,0,1107,12
713,955,0,1452690050188,1452690051371,9,0,1168,14
713,956,1,1452690050188,1452690051268,8,0,1066,14
713,957,2,1452690050188,1452690051277,8,0,1075,14
713,958,3,1452690050189,1452690051336,7,0,1135,14
716,959,0,1452690051393,1452690052550,8,0,1144,18
716,960,1,1452690051393,1452690052497,9,0,1089,18
716,961,2,1452690051394,1452690052493,9,1,1084,18
716,962,3,1452690051394,1452690052515,9,0,1107,18
719,963,0,1452690052573,1452690053726,8,0,1139,16
719,964,1,1452690052574,1452690053663,8,0,1076,16
719,965,2,1452690052574,1452690053693,8,0,1106,16
719,966,3,1452690052574,1452690053689,9,1,1100,16
722,967,0,1452690053753,1452690054910,8,1,1142,18
722,968,1,1452690053754,1452690054884,8,0,1116,18
722,969,2,1452690053754,1452690054870,8,0,1101,18
722,970,3,1452690053754,1452690054873,9,0,1104,18
725,971,0,1452690054937,1452690056095,8,0,1145,18
725,972,1,1452690054937,1452690056028,9,0,1076,18
725,973,2,1452690054938,1452690056063,9,0,1111,18
725,974,3,1452690054938,1452690056068,8,0,1116,18
728,975,0,1452690056117,1452690057297,9,0,1166,17
728,976,1,1452690056117,1452690057234,9,0,1103,17
728,977,2,1452690056118,1452690057261,8,0,1131,17
728,978,3,1452690056118,1452690057257,8,0,1126,17
731,979,0,1452690057322,1452690058515,8,1,1180,13
731,980,1,1452690057322,1452690058467,9,0,1131,0
731,981,2,1452690057322,1452690058424,8,0,1089,0
731,982,3,1452690057322,1452690058441,9,0,1106,0
734,983,0,1452690058541,1452690059714,9,0,1159,0
734,984,1,1452690058541,1452690059659,9,1,1104,0
734,985,2,1452690058541,1452690059641,9,1,1086,0
734,986,3,1452690058541,1452690059675,8,0,1120,0
737,987,0,1452690059740,1452690060930,9,1,1176,8
737,988,1,1452690059740,1452690060831,9,1,1076,8
737,989,2,1452690059740,1452690060836,8,0,1082,8
737,990,3,1452690059741,1452690060867,9,1,1112,8
740,991,0,1452690060956,1452690062124,8,0,1154,10
740,992,1,1452690060956,1452690062053,9,0,1082,10
740,993,2,1452690060956,1452690062066,8,0,1097,10
740,994,3,1452690060957,1452690062079,8,0,1109,10
743,995,0,1452690062150,1452690063321,8,0,1158,10
743,996,1,1452690062150,1452690063242,7,0,1080,10
743,997,2,1452690062150,1452690063277,9,0,1114,10
743,998,3,1452690062150,1452690063267,9,0,1103,10
746,999,0,1452690063344,1452690064515,8,0,1158,13
746,1000,1,1452690063344,1452690064496,8,0,1138,13
746,1001,2,1452690063344,1452690064446,8,1,1087,13
746,1002,3,1452690063345,1452690064462,8,0,1104,13
749,1003,0,1452690064565,1452690065736,8,0,1158,15
749,1004,1,1452690064565,1452690065659,9,0,1080,15
749,1005,2,1452690064566,1452690065667,8,0,1089,15
749,1006,3,1452690064566,1452690065687,9,0,1109,15
752,1007,0,1452690065761,1452690066934,7,0,1161,16
752,1008,1,1452690065761,1452690066841,8,0,1067,16
752,1009,2,1452690065761,1452690066855,8,0,1082,16
752,1010,3,1452690065762,1452690066877,7,0,1104,16
755,1011,0,1452690066959,1452690068161,8,1,1189,19
755,1012,1,1452690066960,1452690068046,7,0,1074,19
755,1013,2,1452690066960,1452690068067,7,0,1096,19
755,1014,3,1452690066960,1452690068084,8,0,1112,19
758,1015,0,1452690068390,1452690069558,9,0,1155,18
758,1016,1,1452690068390,1452690069566,8,0,1164,18
758,1017,2,1452690068390,1452690069499,7,0,1097,18
758,1018,3,1452690068390,1452690069517,8,0,1115,18
761,1019,0,1452690069587,1452690070766,8,0,1167,18
761,1020,1,1452690069587,1452690070688,7,0,1090,18
761,1021,2,1452690069587,1452690070689,8,0,1091,18
761,1022,3,1452690069587,1452690070721,8,0,1122,18
764,1023,0,1452690070787,1452690071958,8,0,1159,14
764,1024,1,1452690070787,1452690071867,7,0,1068,0
764,1025,2,1452690070787,1452690071891,8,15,1077,14
764,1026,3,1452690070787,1452690071955,8,0,1155,14
767,1027,0,1452690071979,1452690073223,8,0,1231,0
767,1028,1,1452690071979,1452690073129,7,0,1139,0
767,1029,2,1452690071979,1452690073120,8,1,1128,0
767,1030,3,1452690071979,1452690073125,8,0,1134,0
770,1031,0,1452690073247,1452690074408,7,0,1149,6
770,1032,1,1452690073247,1452690074348,7,1,1089,6
770,1033,2,1452690073247,1452690074347,6,0,1089,6
770,1034,3,1452690073247,1452690074368,7,0,1109,6
773,1035,0,1452690074429,1452690075586,8,0,1145,8
773,1036,1,1452690074429,1452690075517,9,0,1074,8
773,1037,2,1452690074430,1452690075543,9,1,1100,8
773,1038,3,1452690074430,1452690075553,7,0,1112,8
776,1039,0,1452690075607,1452690076790,7,0,1171,9
776,1040,1,1452690075607,1452690076683,7,1,1064,9
776,1041,2,1452690075607,1452690076746,7,0,1127,9
776,1042,3,1452690075607,1452690076730,7,0,1112,9
779,1043,0,1452690076811,1452690078024,8,0,1201,11
779,1044,1,1452690076812,1452690077912,9,1,1086,11
779,1045,2,1452690076812,1452690077915,8,0,1091,11
779,1046,3,1452690076812,1452690077943,8,1,1118,11
782,1047,0,1452690078045,1452690079219,8,0,1162,14
782,1048,1,1452690078045,1452690079130,8,0,1072,14
782,1049,2,1452690078045,1452690079138,7,0,1082,14
782,1050,3,1452690078045,1452690079173,8,0,1115,14
785,1051,0,1452690079241,1452690080409,8,0,1155,17
785,1052,1,1452690079241,1452690080334,9,0,1079,17
785,1053,2,1452690079241,1452690080334,8,0,1081,17
785,1054,3,1452690079242,1452690080375,9,0,1120,17
788,1055,0,1452690080429,1452690081570,8,0,1129,17
788,1056,1,1452690080430,1452690081524,8,0,1083,17
788,1057,2,1452690080430,1452690081519,8,1,1076,17
788,1058,3,1452690080430,1452690081552,8,0,1111,17
791,1059,0,1452690081592,1452690082747,8,0,1142,17
791,1060,1,1452690081592,1452690082706,8,0,1101,17
791,1061,2,1452690081592,1452690082707,8,0,1101,17
791,1062,3,1452690081592,1452690082713,8,0,1108,17
794,1063,0,1452690082768,1452690083914,8,0,1134,17
794,1064,1,1452690082768,1452690083854,7,0,1074,17
794,1065,2,1452690082769,1452690083889,8,0,1109,17
794,1066,3,1452690082769,1452690083916,8,0,1136,17
797,1067,0,1452690083937,1452690085111,7,0,1163,19
797,1068,1,1452690083938,1452690085035,8,0,1085,19
797,1069,2,1452690083938,1452690085044,8,0,1094,19
797,1070,3,1452690083938,1452690085075,6,0,1115,19
800,1071,0,1452690085132,1452690086306,7,0,1162,17
800,1072,1,1452690085133,1452690086213,8,0,1068,0
800,1073,2,1452690085133,1452690086243,8,0,1098,17
800,1074,3,1452690085133,1452690086258,8,0,1113,17
803,1075,0,1452690086328,1452690087492,7,0,1153,0
803,1076,1,1452690086328,1452690087486,7,0,1147,0
803,1077,2,1452690086329,1452690087428,7,0,1088,0
803,1078,3,1452690086329,1452690087444,7,0,1105,0
806,1079,0,1452690087513,1452690088687,7,0,1163,6
806,1080,1,1452690087513,1452690088594,7,0,1069,6
806,1081,2,1452690087513,1452690088604,8,0,1079,6
806,1082,3,1452690087514,1452690088639,7,0,1114,6
809,1083,0,1452690088706,1452690089883,6,0,1167,7
809,1084,1,1452690088706,1452690089795,7,0,1077,7
809,1085,2,1452690088707,1452690089797,7,0,1080,7
809,1086,3,1452690088707,1452690089843,7,0,1126,7
812,1087,0,1452690089902,1452690091075,6,0,1164,10
812,1088,1,1452690089902,1452690091011,7,0,1098,10
812,1089,2,1452690089902,1452690091036,8,0,1122,10
812,1090,3,1452690089902,1452690091024,8,0,1111,10
815,1091,0,1452690091093,1452690092259,6,0,1155,12
815,1092,1,1452690091093,1452690092205,7,0,1100,12
815,1093,2,1452690091094,1452690092189,7,0,1084,12
815,1094,3,1452690091094,1452690092292,7,0,1187,12
818,1095,0,1452690092313,1452690093521,8,0,1196,15
818,1096,1,1452690092313,1452690093399,7,0,1074,15
818,1097,2,1452690092313,1452690093417,8,0,1092,15
818,1098,3,1452690092314,1452690093433,8,1,1107,15
821,1099,0,1452690093545,1452690094711,8,1,1153,16
821,1100,1,1452690093545,1452690094625,8,0,1067,16
821,1101,2,1452690093545,1452690094662,7,1,1105,16
821,1102,3,1452690093545,1452690094669,7,0,1113,16
824,1103,0,1452690094730,1452690095929,7,0,1187,18
824,1104,1,1452690094730,1452690095841,8,1,1098,18
824,1105,2,1452690094731,1452690095844,8,1,1101,18
824,1106,3,1452690094731,1452690095850,6,0,1108,18
827,1107,0,1452690095949,1452690097165,7,1,1204,18
827,1108,1,1452690095950,1452690097040,8,0,1078,18
827,1109,2,1452690095950,1452690097102,7,0,1142,18
827,1110,3,1452690095950,1452690097079,7,0,1119,18
830,1111,0,1452690097184,1452690098371,7,0,1175,17
830,1112,1,1452690097184,1452690098260,7,0,1064,17
830,1113,2,1452690097184,1452690098296,7,1,1100,17
830,1114,3,1452690097184,1452690098302,7,0,1106,17
833,1115,0,1452690098391,1452690099580,8,0,1177,17
833,1116,1,1452690098392,1452690099485,9,0,1080,17
833,1117,2,1452690098392,1452690099504,8,0,1100,17
833,1118,3,1452690098392,1452690099523,8,0,1118,17
836,1119,0,1452690099603,1452690100781,8,0,1167,14
836,1120,1,1452690099603,1452690100670,7,1,1055,0
836,1121,2,1452690099603,1452690100738,7,0,1124,14
836,1122,3,1452690099603,1452690100729,7,0,1115,14
839,1123,0,1452690100799,1452690101984,7,0,1171,0
839,1124,1,1452690100799,1452690101879,7,0,1068,0
839,1125,2,1452690100799,1452690101909,6,0,1099,0
839,1126,3,1452690100800,1452690101952,7,0,1134,0
842,1127,0,1452690102003,1452690103175,7,0,1161,9
842,1128,1,1452690102003,1452690103088,7,0,1073,9
842,1129,2,1452690102003,1452690103102,7,0,1087,9
842,1130,3,1452690102003,1452690103141,7,0,1127,9
845,1131,0,1452690103194,1452690104367,7,1,1161,10
845,1132,1,1452690103194,1452690104286,7,1,1079,10
845,1133,2,1452690103195,1452690104287,7,0,1082,10
845,1134,3,1452690103195,1452690104334,8,0,1128,10
848,1135,0,1452690104389,1452690105578,7,0,1178,10
848,1136,1,1452690104389,1452690105468,7,0,1067,10
848,1137,2,1452690104389,1452690105483,7,0,1083,10
848,1138,3,1452690104389,1452690105516,7,0,1116,10
851,1139,0,1452690105611,1452690106793,7,1,1171,10
851,1140,1,1452690105611,1452690106703,8,1,1080,10
851,1141,2,1452690105611,1452690106706,8,1,1083,10
851,1142,3,1452690105611,1452690106736,7,0,1113,10
854,1143,0,1452690106816,1452690107982,7,0,1155,13
854,1144,1,1452690106816,1452690107882,8,0,1054,13
854,1145,2,1452690106816,1452690107915,7,1,1087,13
854,1146,3,1452690106816,1452690107941,6,0,1115,13
857,1147,0,1452690108000,1452690109175,7,1,1163,15
857,1148,1,1452690108001,1452690109100,7,0,1088,15
857,1149,2,1452690108001,1452690109100,7,1,1088,15
857,1150,3,1452690108001,1452690109113,7,0,1100,15
860,1151,0,1452690109194,1452690110343,7,0,1139,17
860,1152,1,1452690109194,1452690110282,7,1,1075,17
860,1153,2,1452690109194,1452690110285,6,0,1081,17
860,1154,3,1452690109194,1452690110334,7,0,1129,17
863,1155,0,1452690110365,1452690111522,7,0,1147,17
863,1156,1,1452690110365,1452690111464,7,0,1088,17
863,1157,2,1452690110365,1452690111468,8,0,1092,17
863,1158,3,1452690110365,1452690111500,6,0,1124,17
866,1159,0,1452690111543,1452690112696,6,0,1143,18
866,1160,1,1452690111544,1452690112622,7,0,1067,18
866,1161,2,1452690111544,1452690112639,7,1,1084,18
866,1162,3,1452690111544,1452690112680,7,0,1126,18
869,1163,0,1452690112717,1452690113876,7,1,1147,18
869,1164,1,1452690112718,1452690113844,8,0,1115,18
869,1165,2,1452690112718,1452690113825,7,0,1096,18
869,1166,3,1452690112718,1452690113859,8,0,1130,18
872,1167,0,1452690113897,1452690115058,8,0,1149,14
872,1168,1,1452690113897,1452690115002,7,0,1094,14
872,1169,2,1452690113897,1452690115002,8,0,1077,0
872,1170,3,1452690113897,1452690115024,8,0,1115,14
875,1171,0,1452690115078,1452690116237,8,0,1147,0
875,1172,1,1452690115078,1452690116155,5,0,1067,0
875,1173,2,1452690115078,1452690116197,7,0,1108,0
875,1174,3,1452690115079,1452690116236,7,1,1146,0
878,1175,0,1452690116259,1452690117431,9,0,1160,7
878,1176,1,1452690116259,1452690117464,8,0,1193,7
878,1177,2,1452690116259,1452690117386,8,0,1115,7
878,1178,3,1452690116259,1452690117391,8,1,1120,7
881,1179,0,1452690117484,1452690118624,7,0,1129,8
881,1180,1,1452690117484,1452690118568,7,0,1072,8
881,1181,2,1452690117484,1452690118577,7,0,1082,8
881,1182,3,1452690117484,1452690118660,8,0,1164,8
884,1183,0,1452690118679,1452690119869,8,0,1177,10
884,1184,1,1452690118680,1452690119750,7,0,1059,10
884,1185,2,1452690118680,1452690119768,7,0,1077,10
884,1186,3,1452690118680,1452690119804,7,0,1113,10
887,1187,0,1452690119888,1452690121072,7,0,1173,12
887,1188,1,1452690119889,1452690120976,8,0,1075,12
887,1189,2,1452690119889,1452690120979,8,0,1079,12
887,1190,3,1452690119889,1452690120999,7,0,1098,12
890,1191,0,1452690121091,1452690122277,7,1,1173,13
890,1192,1,1452690121091,1452690122212,7,0,1110,13
890,1193,2,1452690121092,1452690122186,7,1,1083,13
890,1194,3,1452690121092,1452690122209,7,0,1106,13
893,1195,0,1452690122296,1452690123438,9,0,1129,17
893,1196,1,1452690122296,1452690123397,9,0,1087,17
893,1197,2,1452690122297,1452690123395,8,0,1085,17
893,1198,3,1452690122297,1452690123414,8,0,1105,17
896,1199,0,1452690123458,1452690124613,8,0,1143,17
896,1200,1,1452690123459,1452690124539,7,0,1069,17
896,1201,2,1452690123459,1452690124584,7,0,1114,17
896,1202,3,1452690123459,1452690124577,7,0,1107,17
899,1203,0,1452690124632,1452690125794,8,0,1150,17
899,1204,1,1452690124633,1452690125744,8,0,1100,17
899,1205,2,1452690124633,1452690125739,8,0,1094,17
899,1206,3,1452690124633,1452690125756,7,0,1112,17
902,1207,0,1452690125815,1452690126965,8,0,1138,19
902,1208,1,1452690125815,1452690126892,7,0,1065,19
902,1209,2,1452690125815,1452690126954,8,1,1126,19
902,1210,3,1452690125815,1452690126938,7,0,1111,19
905,1211,0,1452690126997,1452690128147,8,0,1139,18
905,1212,1,1452690126997,1452690128118,8,0,1110,18
905,1213,2,1452690126997,1452690128106,8,1,1096,18
905,1214,3,1452690126997,1452690128119,8,0,1110,18
908,1215,0,1452690128328,1452690129486,8,0,1146,15
908,1216,1,1452690128328,1452690129348,7,1,1008,0
908,1217,2,1452690128329,1452690129465,7,0,1126,15
908,1218,3,1452690128329,1452690129462,7,1,1121,15
911,1219,0,1452690129503,1452690130592,7,0,1078,0
911,1220,1,1452690129503,1452690130598,8,0,1083,0
911,1221,2,1452690129503,1452690130591,7,0,1077,0
911,1222,3,1452690129504,1452690130568,7,1,1053,0
914,1223,0,1452690130617,1452690131811,7,1,1182,6
914,1224,1,1452690130617,1452690131643,6,0,1015,6
914,1225,2,1452690130617,1452690131717,7,0,1088,6
914,1226,3,1452690130617,1452690131860,7,0,1232,6
917,1227,0,1452690131878,1452690133076,6,0,1188,8
917,1228,1,1452690131878,1452690132983,8,0,1093,8
917,1229,2,1452690131878,1452690132977,9,1,1086,8
917,1230,3,1452690131878,1452690132950,7,0,1060,8
920,1231,0,1452690133094,1452690134235,8,0,1129,11
920,1232,1,1452690133094,1452690134197,9,0,1089,11
920,1233,2,1452690133095,1452690134202,9,0,1095,11
920,1234,3,1452690133095,1452690134215,8,0,1109,11
923,1235,0,1452690134253,1452690135424,9,0,1157,12
923,1236,1,1452690134253,1452690135335,9,0,1068,12
923,1237,2,1452690134254,1452690135359,8,0,1092,12
923,1238,3,1452690134254,1452690135392,8,0,1126,12
926,1239,0,1452690135442,1452690136593,8,1,1138,14
926,1240,1,1452690135443,1452690136507,7,0,1052,14
926,1241,2,1452690135443,1452690136533,8,0,1077,14
926,1242,3,1452690135443,1452690136568,7,0,1113,14
929,1243,0,1452690136610,1452690137784,7,0,1162,19
929,1244,1,1452690136610,1452690137688,7,0,1067,19
929,1245,2,1452690136610,1452690137698,7,0,1077,19
929,1246,3,1452690136610,1452690137762,7,0,1140,19
932,1247,0,1452690137802,1452690139038,7,0,1225,21
932,1248,1,1452690137802,1452690138884,8,0,1070,21
932,1249,2,1452690137802,1452690138895,6,0,1083,21
932,1250,3,1452690137802,1452690138920,7,0,1106,21
935,1251,0,1452690139058,1452690140259,9,1,1188,18
935,1252,1,1452690139058,1452690140145,8,1,1074,18
935,1253,2,1452690139058,1452690140164,7,0,1094,18
935,1254,3,1452690139058,1452690140171,7,1,1101,18
938,1255,0,1452690140278,1452690141413,6,0,1124,18
938,1256,1,1452690140278,1452690141398,7,0,1108,18
938,1257,2,1452690140278,1452690141383,7,1,1093,18
938,1258,3,1452690140278,1452690141415,7,0,1126,18
941,1259,0,1452690141433,1452690142595,8,0,1149,17
941,1260,1,1452690141433,1452690142569,8,0,1123,17
941,1261,2,1452690141433,1452690142564,8,0,1118,17
941,1262,3,1452690141434,1452690142568,7,1,1122,17
944,1263,0,1452690142614,1452690143775,7,0,1150,17
944,1264,1,1452690142614,1452690143734,7,0,1108,17
944,1265,2,1452690142614,1452690143737,7,1,1111,17
944,1266,3,1452690142614,1452690143751,7,0,1126,17
947,1267,0,1452690143794,1452690144953,9,0,1145,0
947,1268,1,1452690143794,1452690144877,9,1,1069,0
947,1269,2,1452690143795,1452690144884,9,0,1077,0
947,1270,3,1452690143795,1452690144964,8,1,1156,0
950,1271,0,1452690144982,1452690146176,8,1,1181,8
950,1272,1,1452690144983,1452690146066,8,0,1072,8
950,1273,2,1452690144983,1452690146063,6,1,1069,8
950,1274,3,1452690144983,1452690146166,7,0,1171,8
953,1275,0,1452690146208,1452690147395,8,0,1175,9
953,1276,1,1452690146208,1452690147321,7,0,1102,9
953,1277,2,1452690146209,1452690147305,8,0,1084,9
953,1278,3,1452690146209,1452690147300,8,0,1079,9
956,1279,0,1452690147413,1452690148617,7,0,1192,10
956,1280,1,1452690147414,1452690148483,8,0,1057,10
956,1281,2,1452690147414,1452690148508,7,1,1083,10
956,1282,3,1452690147414,1452690148484,7,0,1060,10
959,1283,0,1452690148637,1452690149818,9,0,1169,11
959,1284,1,1452690148637,1452690149710,7,0,1061,11
959,1285,2,1452690148637,1452690149681,7,0,1032,11
959,1286,3,1452690148637,1452690149767,7,0,1118,11
962,1287,0,1452690149837,1452690151012,8,0,1163,14
962,1288,1,1452690149838,1452690150895,8,0,1045,14
962,1289,2,1452690149838,1452690150930,9,0,1079,14
962,1290,3,1452690149838,1452690150932,7,0,1082,14
965,1291,0,1452690151031,1452690152213,7,0,1170,16
965,1292,1,1452690151031,1452690152118,7,0,1076,16
965,1293,2,1452690151031,1452690152123,8,0,1079,16
965,1294,3,1452690151031,1452690152100,6,0,1058,16
968,1295,0,1452690152232,1452690153420,8,0,1176,17
968,1296,1,1452690152232,1452690153305,7,0,1061,17
968,1297,2,1452690152232,1452690153311,8,0,1067,17
968,1298,3,1452690152232,1452690153307,8,0,1063,17
971,1299,0,1452690153439,1452690154634,8,0,1182,17
971,1300,1,1452690153440,1452690154518,8,1,1067,17
971,1301,2,1452690153440,1452690154493,8,0,1041,17
971,1302,3,1452690153440,1452690154553,7,0,1102,17
974,1303,0,1452690154652,1452690155820,6,1,1157,16
974,1304,1,1452690154652,1452690155729,6,0,1066,16
974,1305,2,1452690154652,1452690155754,7,0,1091,16
974,1306,3,1452690154652,1452690155729,7,0,1065,16
977,1307,0,1452690155839,1452690157015,7,0,1165,15
977,1308,1,1452690155839,1452690156931,8,0,1080,15
977,1309,2,1452690155839,1452690156879,8,1,1028,0
977,1310,3,1452690155839,1452690157013,7,0,1162,15
980,1311,0,1452690157034,1452690158215,9,1,1168,13
980,1312,1,1452690157034,1452690158125,8,0,1079,0
980,1313,2,1452690157034,1452690158126,7,1,1080,0
980,1314,3,1452690157034,1452690158131,8,0,1085,0
983,1315,0,1452690158234,1452690159407,6,0,1162,0
983,1316,1,1452690158234,1452690159309,6,0,1064,0
983,1317,2,1452690158234,1452690159323,7,0,1078,0
983,1318,3,1452690158234,1452690159403,7,0,1157,0
986,1319,0,1452690159425,1452690160611,7,0,1174,7
986,1320,1,1452690159425,1452690160547,7,0,1111,7
986,1321,2,1452690159425,1452690160533,8,0,1095,7
986,1322,3,1452690159425,1452690160542,8,0,1105,7
989,1323,0,1452690160630,1452690161804,6,0,1163,8
989,1324,1,1452690160630,1452690161744,6,0,1104,8
989,1325,2,1452690160630,1452690161726,7,1,1084,8
989,1326,3,1452690160630,1452690161747,7,0,1106,8
992,1327,0,1452690161822,1452690163001,7,0,1168,20
992,1328,1,1452690161822,1452690162921,8,0,1086,20
992,1329,2,1452690161822,1452690162945,7,0,1111,20
992,1330,3,1452690161822,1452690162948,7,1,1114,20
995,1331,0,1452690163021,1452690164188,6,0,1156,13
995,1332,1,1452690163021,1452690164102,7,0,1069,13
995,1333,2,1452690163021,1452690164134,6,0,1102,13
995,1334,3,1452690163021,1452690164140,7,0,1107,13
998,1335,0,1452690164206,1452690165365,7,0,1148,15
998,1336,1,1452690164206,1452690165288,8,1,1068,15
998,1337,2,1452690164206,1452690165313,7,0,1095,15
998,1338,3,1452690164207,1452690165326,6,0,1109,15
1001,1339,0,1452690165384,1452690166598,7,1,1202,19
1001,1340,1,1452690165384,1452690166462,7,0,1066,19
1001,1341,2,1452690165384,1452690166495,7,0,1099,19
1001,1342,3,1452690165384,1452690166497,7,1,1101,19
1004,1343,0,1452690166617,1452690167845,7,0,1215,18
1004,1344,1,1452690166617,1452690167712,8,0,1082,18
1004,1345,2,1452690166617,1452690167768,7,1,1139,18
1004,1346,3,1452690166617,1452690167736,7,0,1108,18
1007,1347,0,1452690167876,1452690169060,7,0,1173,19
1007,1348,1,1452690167876,1452690168991,8,1,1103,19
1007,1349,2,1452690167876,1452690168984,8,0,1096,19
1007,1350,3,1452690167876,1452690169001,8,0,1112,19
1010,1351,0,1452690169078,1452690170270,7,0,1179,17
1010,1352,1,1452690169079,1452690170194,8,1,1101,17
1010,1353,2,1452690169079,1452690170202,8,0,1111,17
1010,1354,3,1452690169079,1452690170204,7,0,1114,17
1013,1355,0,1452690170289,1452690171486,8,0,1185,15
1013,1356,1,1452690170289,1452690171370,7,0,1067,0
1013,1357,2,1452690170290,1452690171412,7,0,1111,15
1013,1358,3,1452690170290,1452690171416,7,1,1114,15
1016,1359,0,1452690171506,1452690172680,7,0,1163,11
1016,1360,1,1452690171506,1452690172594,8,0,1075,0
1016,1361,2,1452690171506,1452690172594,7,0,1077,0
1016,1362,3,1452690171506,1452690172619,8,0,1101,0
1019,1363,0,1452690172698,1452690173885,8,1,1174,0
1019,1364,1,1452690172698,1452690173776,7,1,1066,0
1019,1365,2,1452690172698,1452690173805,7,0,1096,0
1019,1366,3,1452690172699,1452690173822,8,0,1112,0
1022,1367,0,1452690173903,1452690175086,8,0,1171,8
1022,1368,1,1452690173903,1452690174996,7,0,1081,8
1022,1369,2,1452690173903,1452690174998,8,1,1083,8
1022,1370,3,1452690173903,1452690175021,8,0,1106,8
1025,1371,0,1452690175105,1452690176281,7,0,1165,9
1025,1372,1,1452690175106,1452690176188,8,0,1070,9
1025,1373,2,1452690175106,1452690176205,7,0,1088,9
1025,1374,3,1452690175106,1452690176225,7,0,1108,9
1028,1375,0,1452690176300,1452690177452,8,0,1140,10
1028,1376,1,1452690176300,1452690177395,9,1,1081,10
1028,1377,2,1452690176300,1452690177397,9,0,1084,10
1028,1378,3,1452690176300,1452690177418,8,1,1105,10
1031,1379,0,1452690177471,1452690178649,8,0,1166,13
1031,1380,1,1452690177471,1452690178550,7,0,1067,13
1031,1381,2,1452690177472,1452690178566,8,0,1082,13
1031,1382,3,1452690177472,1452690178593,8,1,1108,13
1034,1383,0,1452690178668,1452690179891,8,0,1211,14
1034,1384,1,1452690178668,1452690179746,7,0,1066,14
1034,1385,2,1452690178668,1452690179768,7,0,1089,14
1034,1386,3,1452690178668,1452690179781,8,1,1100,14
1037,1387,0,1452690179910,1452690181101,8,1,1177,17
1037,1388,1,1452690179911,1452690180986,7,1,1063,17
1037,1389,2,1452690179911,1452690181029,7,0,1107,17
1037,1390,3,1452690179911,1452690181027,8,1,1103,17
1040,1391,0,1452690181120,1452690182288,8,0,1155,17
1040,1392,1,1452690181120,1452690182215,7,1,1083,17
1040,1393,2,1452690181120,1452690182215,8,0,1081,17
1040,1394,3,1452690181121,1452690182235,7,0,1103,17
1043,1395,0,1452690182307,1452690183474,8,0,1153,18
1043,1396,1,1452690182307,1452690183401,8,0,1080,18
1043,1397,2,1452690182307,1452690183459,8,0,1139,18
1043,1398,3,1452690182308,1452690183436,7,0,1116,18
1046,1399,0,1452690183492,1452690184717,8,0,1213,18
1046,1400,1,1452690183492,1452690184608,7,0,1104,18
1046,1401,2,1452690183492,1452690184608,7,0,1105,18
1046,1402,3,1452690183492,1452690184622,6,0,1119,18
1049,1403,0,1452690184736,1452690185916,8,0,1168,16
1049,1404,1,1452690184736,1452690185836,7,0,1089,16
1049,1405,2,1452690184736,1452690185847,8,0,1099,16
1049,1406,3,1452690184736,1452690185865,7,0,1118,16
1052,1407,0,1452690185935,1452690187118,6,0,1173,12
1052,1408,1,1452690185935,1452690187008,7,0,1061,0
1052,1409,2,1452690185935,1452690187025,8,0,1078,0
1052,1410,3,1452690185935,1452690187046,7,0,1100,0
1055,1411,0,1452690187137,1452690188321,7,0,1173,0
1055,1412,1,1452690187138,1452690188214,7,0,1064,0
1055,1413,2,1452690187138,1452690188237,7,0,1087,0
1055,1414,3,1452690187138,1452690188246,6,0,1098,0
